"mean","cil","ciu","rhat","params"
-1.15009473464206,-12.9245543766677,11.3100341255115,1.54836460861891,"alpha[1]"
-1.16142465661689,-12.7182885978093,11.3810858373657,1.55178693281764,"alpha[2]"
-1.07868056484841,-12.7623364364782,11.5101893634438,1.55133456162758,"alpha[3]"
-1.12773815215904,-12.788668006855,11.4827664352741,1.55333546808223,"alpha[4]"
-1.11426493389667,-12.8388303412378,11.4877768890427,1.53571544820227,"alpha[5]"
-1.22470242851119,-12.9205723819836,11.2693402234991,1.5434249780571,"alpha[6]"
-1.25367465480471,-12.7690830053177,11.211574023214,1.54955718268175,"alpha[7]"
-1.13365637974458,-12.8347501839102,11.4079592458844,1.54331657583378,"alpha[8]"
-1.16536054720767,-12.8513497804428,11.4322829018634,1.54161164801484,"alpha[9]"
-1.15417695712606,-12.8297895736348,11.4745248907554,1.54803074748298,"alpha[10]"
-1.10675268284897,-12.7156115622326,11.4696789681906,1.54442133663112,"alpha[11]"
-1.18123075725185,-12.809022231405,11.3682783234088,1.55298636008956,"alpha[12]"
-1.16795898955235,-12.8030949188982,11.4708163057298,1.55211359838978,"alpha[13]"
-1.21332714872042,-12.8805253895869,11.3513167989325,1.55199784900618,"alpha[14]"
-1.22986906463629,-12.7838338802055,11.2768670464756,1.54853509187316,"alpha[15]"
-1.23073965803125,-12.9255522772663,11.2596523060622,1.54508418781865,"alpha[16]"
-1.22238844656651,-12.7972110298057,11.2511545787949,1.55044387479907,"alpha[17]"
-1.17348860857964,-12.8401370996452,11.2738198685243,1.55661997787021,"alpha[18]"
-1.142256236694,-12.8651231880565,11.3548778090799,1.5462613380433,"alpha[19]"
-1.23560103028683,-12.8752558962186,11.2262398493579,1.5476943125617,"alpha[20]"
-1.19236663255344,-12.74044965346,11.3906353157583,1.55464726636341,"alpha[21]"
-1.37810844595759,-13.01086778232,11.0926262824831,1.55279572212211,"alpha[22]"
-1.25555893317551,-12.9251483290628,11.2627587740443,1.55298274258748,"alpha[23]"
-1.13244187267271,-12.7652619818288,11.3851297877903,1.54696228026306,"alpha[24]"
-1.12237755648876,-12.7649285977253,11.5014183342017,1.54218593289187,"alpha[25]"
-1.29760031313232,-12.9109434394539,11.2795624505095,1.55134818111459,"alpha[26]"
-1.15361619182986,-12.7396806646687,11.297766287755,1.53562924607674,"alpha[27]"
-1.12925441639051,-12.8450708780374,11.3883333332816,1.54692303782821,"alpha[28]"
-1.11178005816261,-12.7603650551556,11.3502358034917,1.54487938818498,"alpha[29]"
-1.1343903785774,-12.7988306052559,11.4397900575936,1.55138824551607,"alpha[30]"
-1.11245332646149,-12.8827745044486,11.3814139676718,1.54970451019285,"alpha[31]"
-1.11483849966509,-12.7542190192677,11.4416404101685,1.54149962767932,"alpha[32]"
-1.38861953771517,-12.9611848959734,11.1046241456771,1.55852002816753,"alpha[33]"
-1.22065774500107,-12.8168190569537,11.4030656166872,1.54769518793281,"alpha[34]"
-1.0960026422413,-12.7226661951226,11.4378633674381,1.54130290343566,"alpha[35]"
-1.19490733823051,-12.8596570139207,11.3442902860765,1.55207685526319,"alpha[36]"
-1.1238061892928,-12.7380042684815,11.4494210265666,1.55192385564064,"alpha[37]"
-1.40133038537061,-12.9620347788386,10.9854625667301,1.55169586407177,"alpha[38]"
-1.33746519373155,-12.9886193588,11.1270660935858,1.55339455604499,"alpha[39]"
-1.2212351251314,-12.7974935890997,11.2150790506207,1.54806779476045,"alpha[40]"
-1.13593673084784,-12.7827019580211,11.4038103485497,1.54215951064193,"alpha[41]"
-1.36384002052333,-12.9950198855587,11.0896475965455,1.5420464357043,"alpha[42]"
-1.11014461993407,-12.8442603532291,11.5128788142141,1.54623918680584,"alpha[43]"
-1.12229583771266,-12.8295818237968,11.4587761862811,1.54653260620707,"alpha[44]"
-1.25490328575539,-12.8989817342217,11.2907073858151,1.55141596710399,"alpha[45]"
-1.10177816446536,-12.7962101331312,11.435324105056,1.54130827515277,"alpha[46]"
-1.19140886246961,-12.8558269070815,11.2835783409725,1.55597328995927,"alpha[47]"
-1.39463250512486,-13.0118118620001,11.0794471262611,1.55435257311714,"alpha[48]"
-1.10067935569169,-12.8117269391513,11.4560949216797,1.54487895601111,"alpha[49]"
-1.14562610642076,-12.7962422799285,11.4507244364988,1.54929347966822,"alpha[50]"
-1.14200327179597,-12.832193980824,11.4029719780971,1.54920922334684,"alpha[51]"
-1.09563294032098,-12.6771401645999,11.3235857414657,1.54628540389796,"alpha[52]"
-1.1106600949828,-12.8889616621934,11.4069324220251,1.55150240646135,"alpha[53]"
-1.13801659310948,-12.7311951692889,11.4091600812199,1.54732260012144,"alpha[54]"
-1.12013959322718,-12.8386792797977,11.4421747888878,1.54182401164876,"alpha[55]"
-1.10541507586443,-12.8424450741189,11.5327761180131,1.54569562791522,"alpha[56]"
-1.10614858682666,-12.6264342529523,11.3893155953062,1.53419791751509,"alpha[57]"
-1.14346284489736,-12.7921004052127,11.4027378522915,1.54156713594656,"alpha[58]"
-1.18897500290593,-12.8633218139237,11.3257683385742,1.54505597996576,"alpha[59]"
-1.32217486855126,-13.1070099842817,11.186648469379,1.55127840847665,"alpha[60]"
-1.14933807164259,-12.8773428419279,11.3382166163675,1.54751091218234,"alpha[61]"
-1.12860605395492,-12.8403826610799,11.4742202546041,1.55606862932431,"alpha[62]"
-1.15569205687643,-12.8425131916151,11.3794607094855,1.54881466820421,"alpha[63]"
-1.3562518396999,-13.0307681623087,10.94675850527,1.55846053519824,"alpha[64]"
-1.13377532171537,-12.8559123698458,11.4149768140191,1.54713108311201,"alpha[65]"
-1.32623205915739,-12.9593406945752,11.2029901888028,1.54932772704072,"alpha[66]"
-1.34281680738674,-12.9486710335828,11.0509532243689,1.54560207811043,"alpha[67]"
-1.13732296592313,-12.846159923521,11.3809010868993,1.55548683695487,"alpha[68]"
-1.15313095382553,-12.7712651731587,11.47061019526,1.54229198951625,"alpha[69]"
-1.1082807145391,-12.7429828696323,11.4085831188193,1.53724555227389,"alpha[70]"
-1.15441159943868,-12.8603862122289,11.3578592143382,1.54431260415353,"alpha[71]"
-1.12377137855539,-12.77126848272,11.3910548230166,1.55088293572762,"alpha[72]"
-1.3130483371057,-12.9481625949823,11.0362911281354,1.55176536866325,"alpha[73]"
-1.12614936290438,-12.8323700709525,11.4747854808493,1.54882819047823,"alpha[74]"
-1.26155060572895,-12.8843748105879,11.2594320357591,1.54806869826288,"alpha[75]"
-1.13617805344058,-12.7452892927504,11.443682092752,1.55395183190461,"alpha[76]"
-1.11866818509348,-12.8042752660929,11.4602525004754,1.54690718676798,"alpha[77]"
-1.32047042563262,-12.9244136580325,11.1818256406616,1.56264353635976,"alpha[78]"
-1.30305830237793,-12.9519445252108,11.1967273211258,1.55030222879652,"alpha[79]"
-1.39877397063762,-13.0064913912072,11.0518215160532,1.55290445767708,"alpha[80]"
-1.10948403935352,-12.8058490172794,11.4496084147663,1.5489980749955,"alpha[81]"
-1.10419574157213,-12.9005183203987,11.4521606901336,1.55689830423394,"alpha[82]"
-1.12170995755852,-12.7364375175467,11.519442654322,1.55507857564325,"alpha[83]"
-1.28708540014907,-12.9980798524119,11.2488646197223,1.54698275061836,"alpha[84]"
-1.10760529753463,-12.7933549397881,11.3915006160273,1.53925912902061,"alpha[85]"
-1.18922622617272,-12.9246605911469,11.3204570714252,1.54981790850906,"alpha[86]"
-1.168764595772,-12.845081757399,11.2872891256293,1.55347100133664,"alpha[87]"
-1.15484783371717,-12.9246362270905,11.4188927692363,1.54942341997255,"alpha[88]"
-1.16162080671031,-12.8078526386934,11.3583213493444,1.55420608480049,"alpha[89]"
-1.0995037030934,-12.8756458580404,11.4302101201302,1.54294432909908,"alpha[90]"
-1.27878737223153,-12.9150721251408,11.1612830430222,1.55877914590685,"alpha[91]"
-1.29284698323902,-13.0736706837585,11.2183929615762,1.55511143242255,"alpha[92]"
-1.31123511337389,-12.9252707123491,11.1403115978092,1.5539311573589,"alpha[93]"
0.607320744540059,-10.6566139352347,12.8455031449215,1.56691654647613,"alpha[94]"
-1.17138522341694,-12.8219178029873,11.2880633990986,1.54575752306735,"alpha[95]"
-1.28014840605445,-12.8983896474865,11.1622876512752,1.55146166952961,"alpha[96]"
-1.29984351626455,-12.9396471164084,11.0552031785571,1.5608262720511,"alpha[97]"
-1.23444232086291,-12.9064699661637,11.1650710738186,1.55340382932124,"alpha[98]"
-1.2345869369026,-12.9866731659274,11.2174739010909,1.55935943167624,"alpha[99]"
-1.12065005681398,-12.8371526152191,11.4238316523508,1.53914551011095,"alpha[100]"
-1.28044562061631,-12.845516975415,11.2342190183935,1.55333037666878,"alpha[101]"
-1.28042106355713,-12.8949273930624,11.2066941748931,1.54856338880395,"alpha[102]"
-1.30398562122596,-12.9845373261094,11.1791110403663,1.56157784185118,"alpha[103]"
-1.34476702881711,-13.0376677622917,11.0206724119482,1.55880808291456,"alpha[104]"
-1.23098843120811,-12.9205078933206,11.2150448357913,1.54754822526769,"alpha[105]"
0.557838603479944,-10.9538400305701,13.1606704549989,1.5374368656318,"alpha[106]"
-1.25396339901729,-12.8036010539336,11.192945380889,1.55208662602497,"alpha[107]"
-1.16733379421884,-12.7714324904277,11.3449754314568,1.54477166860167,"alpha[108]"
-1.81059174514771,-13.3832872737057,10.5001254778926,1.56165632965093,"alpha[109]"
-1.25701451031087,-13.0027256774695,11.2249595054519,1.54164755715925,"alpha[110]"
-1.12041097444246,-12.7612550584357,11.4730558191091,1.54529744088463,"alpha[111]"
0.204560364898093,-11.1842568101306,12.6724452143091,1.54413540134017,"alpha[112]"
-1.37883995164738,-12.8914748141595,11.0587611874827,1.55589853075976,"alpha[113]"
-1.42117237448632,-13.1092552470827,10.996936250311,1.55754861494877,"alpha[114]"
-1.18683883682549,-12.8587577391561,11.3594253031352,1.55549826683639,"alpha[115]"
-1.19711735767929,-12.8290327608198,11.3629203553089,1.55489027606106,"alpha[116]"
-1.11998426337881,-12.7082763654004,11.3436109596838,1.54953604236691,"alpha[117]"
-1.11205938217883,-12.7866058941718,11.4062318161185,1.54451358341529,"alpha[118]"
-1.14744426018549,-12.7709774579304,11.3760865810555,1.54930685707962,"alpha[119]"
-1.151118412531,-12.7715441298428,11.3440057338089,1.5490257100637,"alpha[120]"
-1.32868175323171,-12.9884358774801,11.1279332631006,1.55504460366163,"alpha[121]"
-1.29623574509301,-12.9308689229748,11.1457411570061,1.55430142892987,"alpha[122]"
-1.35107621244908,-12.9855146051213,11.1985672951194,1.55190061316041,"alpha[123]"
-1.14905996477213,-12.7693471400704,11.3473991102977,1.54495134874274,"alpha[124]"
-1.31839998620793,-13.0303123314495,11.2232905349705,1.55032091072254,"alpha[125]"
-1.23534242959188,-12.9306114518077,11.2806229829164,1.55045100899993,"alpha[126]"
1.32522041628516,-10.2699834286727,14.1368747100188,1.5028169352254,"alpha[127]"
-1.17947986943074,-12.7879351126574,11.4074038783085,1.55905563911983,"alpha[128]"
-1.11748740464576,-12.8025760988794,11.4932573883677,1.54776904670399,"alpha[129]"
-1.25302496246122,-12.7952281780946,11.2968000094545,1.55800925517197,"alpha[130]"
-1.14573741839692,-12.7614751508841,11.3725069032061,1.55428863138439,"alpha[131]"
0.912213197680159,-10.5985935310532,13.2790117188913,1.53323909696704,"alpha[132]"
-1.12984382063642,-12.7711069297111,11.4127788971533,1.55211514157947,"alpha[133]"
-1.17533552865284,-12.8447053929037,11.2704997626235,1.55219528038926,"alpha[134]"
0.832574992153531,-10.5742835374187,13.3033936158371,1.54102780274924,"alpha[135]"
-1.18079459717458,-12.7948688154653,11.3118820061841,1.54385427293777,"alpha[136]"
-1.17555276970427,-12.9414742981977,11.3683783570673,1.54990250213934,"alpha[137]"
-1.25714812588214,-12.8789634115756,11.219433353493,1.55656863306586,"alpha[138]"
-1.14463569739891,-12.8430056858493,11.3615934685394,1.54505523982058,"alpha[139]"
-1.14974630164745,-12.7788796643205,11.2887328216068,1.54485600624413,"alpha[140]"
-1.12964992021537,-12.8464906390619,11.3611933239113,1.54343310201008,"alpha[141]"
-1.11929073187935,-12.8446005034051,11.4507410421369,1.54446394510159,"alpha[142]"
-1.11639224445559,-12.6636783798768,11.4643726258435,1.54892390732129,"alpha[143]"
-1.1038905449272,-12.7956303206142,11.3996841901612,1.54707300759776,"alpha[144]"
-1.17051064860039,-12.9364872341182,11.2341540370236,1.54849896731953,"alpha[145]"
-1.22878200865762,-12.8096274681042,11.1993155190872,1.54577514036377,"alpha[146]"
-1.14398282616123,-12.8730531759218,11.3784631364029,1.54040509241581,"alpha[147]"
-1.12078971705064,-12.8060578223755,11.4452812831258,1.54382963614053,"alpha[148]"
1.08315616953183,-10.4522703026772,13.596087535997,1.52769532912409,"alpha[149]"
-1.15136867306048,-12.859445603453,11.4485509038623,1.54952773285411,"alpha[150]"
-1.1270789996698,-12.7087278239616,11.3945957099499,1.55330131079082,"alpha[151]"
-1.30021418693303,-12.974259695943,11.239240295956,1.54982255246035,"alpha[152]"
-1.12843668443624,-12.753423437057,11.430203577674,1.55331141641981,"alpha[153]"
-1.17832974001934,-12.784485999483,11.2048419337706,1.5481721459332,"alpha[154]"
-1.17450547222768,-12.8342231694643,11.2910302306213,1.54276511906885,"alpha[155]"
-1.11734085533039,-12.7661488205519,11.3879299436591,1.54854197428234,"alpha[156]"
-1.2327527055773,-12.8386163251224,11.2639550299856,1.54758536437309,"alpha[157]"
-1.1453709049853,-12.8074125577094,11.4275840777665,1.5527703139911,"alpha[158]"
-1.21641949026372,-12.9029354858595,11.2588161225991,1.5500203176763,"alpha[159]"
-1.1895793119693,-12.8477458775541,11.24675488413,1.54995669154524,"alpha[160]"
-1.19437615291245,-12.8877332349869,11.3158552677628,1.56350712304501,"alpha[161]"
-1.12322133247237,-12.6842548778652,11.3994507495518,1.55074038642465,"alpha[162]"
-1.20219851502111,-12.8536951908151,11.3768619992567,1.54766590455462,"alpha[163]"
-1.16917006300185,-12.8483438769297,11.3911697928569,1.54794653220886,"alpha[164]"
-1.14762912231589,-12.822918096709,11.3575578039075,1.54693078271931,"alpha[165]"
-1.25574884001133,-12.9896140017432,11.3589711205363,1.54391765869447,"alpha[166]"
-1.16792206729038,-12.8343895973769,11.3714545863372,1.53760378226781,"alpha[167]"
-1.17329966918094,-12.8944658176693,11.3393959936855,1.5522116012368,"alpha[168]"
-1.2820406943205,-13.0181346717765,11.2344291090728,1.54746470934053,"alpha[169]"
-1.14313689025531,-12.8605418891406,11.4173122172323,1.54014071533051,"alpha[170]"
-1.27235289241378,-12.902962721464,11.2261145664503,1.56082690668776,"alpha[171]"
-1.12971483127464,-12.8177384536326,11.4610918335292,1.54629570106827,"alpha[172]"
-1.1571010422649,-12.869189857075,11.3654814258193,1.5533873614543,"alpha[173]"
-1.22954107242897,-12.8628566795085,11.2746294075428,1.54349254013341,"alpha[174]"
-1.22559086390223,-12.832022589859,11.2604963725248,1.55834068997972,"alpha[175]"
-1.1819532447269,-12.8442162058523,11.3969648591875,1.55232501247735,"alpha[176]"
-1.12174456415635,-12.7681358027422,11.4575434703338,1.54275725424006,"alpha[177]"
-1.12772749945519,-12.7135384883983,11.4916049431533,1.55229731028448,"alpha[178]"
-1.20699345202828,-12.9678830405481,11.3538764757025,1.54540772987946,"alpha[179]"
-1.15466086283151,-12.8519500803241,11.3655393605251,1.5520174653793,"alpha[180]"
1.18273699221316,-10.3755379146396,13.7777754769642,1.52242489571027,"alpha[181]"
-1.38084957967846,-13.0559719672587,11.067089971337,1.54800340004187,"alpha[182]"
-1.35186721328966,-12.9732322281611,11.1883560242407,1.5651053331985,"alpha[183]"
-1.11503155840219,-12.8575131198136,11.5287701840629,1.54299994950567,"alpha[184]"
-1.16043567345671,-12.9005619456311,11.5610763252304,1.55238760556233,"alpha[185]"
-1.15112830857662,-12.9751095596152,11.4157278281192,1.54522146825023,"alpha[186]"
-1.19954215372239,-12.8248893639461,11.2115321751317,1.55511137166601,"alpha[187]"
-1.19310858215931,-12.8633970041141,11.2993091370216,1.55573023703255,"alpha[188]"
-1.16758880754105,-12.8678042617375,11.3753142250058,1.54397685550849,"alpha[189]"
0.578634035719271,-10.834039987912,13.0943054130947,1.54468233730604,"alpha[190]"
-1.33186135382172,-13.0631564233336,11.1722613212778,1.55725688029205,"alpha[191]"
-1.17964714757967,-12.8163347514947,11.4298336783471,1.55418464789084,"alpha[192]"
-1.26458327847185,-12.9661507167253,11.2198336225185,1.55302763076689,"alpha[193]"
-1.18126178442872,-12.7773787017256,11.1577550336908,1.54622664244661,"alpha[194]"
-1.16623027290516,-12.8375603527804,11.3502576355192,1.55249517559109,"alpha[195]"
-1.19166526833854,-12.7787117159388,11.3826467962712,1.54419669014901,"alpha[196]"
-1.18577300656211,-12.7875802482421,11.3046097931961,1.54896441447411,"alpha[197]"
-1.18992875441382,-12.846169912958,11.3045312197166,1.55096669565224,"alpha[198]"
-1.17034795574946,-12.9148992538011,11.3628274394973,1.54438936512112,"alpha[199]"
0.730022952101893,-10.7471438492943,13.2594041831992,1.53699049355222,"alpha[200]"
-1.2771039977714,-12.877467597771,11.2769226209979,1.55358923076918,"alpha[201]"
-1.35845493343663,-12.9122882866612,11.2314672056237,1.55405898734869,"alpha[202]"
-1.13240104658305,-12.8595955182481,11.4469466100916,1.54231864763077,"alpha[203]"
0.692780974730108,-10.773768222167,13.3135969282293,1.53941179631534,"alpha[204]"
-1.1853571754114,-12.8549978695212,11.3193387207868,1.55224845106145,"alpha[205]"
-1.17376872936586,-12.7958843031167,11.3665232608371,1.54777287903209,"alpha[206]"
-1.2149806414047,-12.8301930388412,11.3119108577645,1.54964846236733,"alpha[207]"
-1.34227085115146,-12.950733346364,11.1012531577504,1.55337281115699,"alpha[208]"
-1.21694037263369,-12.8226738068891,11.3483368794393,1.55056885344969,"alpha[209]"
-1.12120796106565,-12.7855315023486,11.3501801087416,1.5513882894953,"alpha[210]"
-1.20032623317785,-12.8122399529172,11.2839782976311,1.54823441375816,"alpha[211]"
-1.20040001011604,-12.9592551524876,11.1926491090014,1.55265073335565,"alpha[212]"
-1.33969277395772,-12.9590733063075,11.0800745846599,1.55439462395941,"alpha[213]"
-1.22051408666606,-12.8417633149166,11.2574272837268,1.54940393407033,"alpha[214]"
-1.13510070741439,-12.8228390288696,11.3878895818129,1.54984040112032,"alpha[215]"
-1.17865564142379,-12.905915058104,11.3316035604188,1.55795282163733,"alpha[216]"
-1.11918308628116,-12.766156932936,11.5267705953496,1.54795090727985,"alpha[217]"
-1.12159595554298,-12.7777895609153,11.4141688422455,1.54510476379082,"alpha[218]"
-1.13492626573242,-12.752957913033,11.3398910324609,1.54398828164576,"alpha[219]"
-1.08801884320643,-12.7694275083729,11.4557708449897,1.54233242259428,"alpha[220]"
-1.14653097259684,-12.8173201086451,11.3181017266188,1.5557738756598,"alpha[221]"
-1.14224377625761,-12.7926094446436,11.4629209902612,1.5462588723412,"alpha[222]"
1.08330009000147,-10.4743339888529,13.7363820238946,1.5290506317854,"alpha[223]"
-1.29853252973889,-12.9840512410464,11.2231009012131,1.5522365598055,"alpha[224]"
-1.10074495821275,-12.7129474869107,11.5330956438565,1.54203176109825,"alpha[225]"
-1.4700241418318,-13.0669549405668,11.0608432517602,1.55682918926224,"alpha[226]"
-1.30947877228227,-12.9931412945374,11.1754511524702,1.55110895057189,"alpha[227]"
-1.21191096206099,-12.7536034087854,11.3893017208343,1.53495301629081,"alpha[228]"
-1.15276283403128,-12.8535910045268,11.4789521656544,1.54599627416983,"alpha[229]"
-1.15685003663909,-12.8437829234304,11.3358731468524,1.54957163426549,"alpha[230]"
-1.22842710118429,-12.8395510508875,11.3033609714344,1.54993394370352,"alpha[231]"
-1.16999549664422,-12.84328907049,11.3314785493422,1.54842654603107,"alpha[232]"
-1.17115394724365,-12.792678744701,11.3651316348798,1.54095173543361,"alpha[233]"
-1.1219351909526,-12.7944060588037,11.4449458838813,1.54598620858036,"alpha[234]"
-1.37105850111551,-13.0109052615607,11.057246960133,1.55030237859587,"alpha[235]"
-1.25778980922751,-12.8261547702904,11.2135600206454,1.55298419859126,"alpha[236]"
-1.22764796362497,-12.8123667775716,11.3021133994055,1.54205272590087,"alpha[237]"
-1.23348107323733,-12.9354976242008,11.2673137189934,1.54499760230499,"alpha[238]"
0.103070851039013,-11.2921280510626,12.459599249926,1.55198977017351,"alpha[239]"
-1.35421005009858,-12.9698093952694,11.1302382250696,1.5518291014003,"alpha[240]"
-1.16394954866092,-12.8733097823573,11.2791663388637,1.53984076937845,"alpha[241]"
-1.11505296735986,-12.7783548527715,11.3750003647737,1.54905815896384,"alpha[242]"
-1.17790549164987,-12.767519497178,11.3301421459012,1.55035668216647,"alpha[243]"
-1.21256919017551,-12.8909314522438,11.337046976729,1.54251351002916,"alpha[244]"
-1.15612132371991,-12.9200263999077,11.2939570370926,1.54260189156586,"alpha[245]"
-1.12892264753595,-12.6764242460795,11.3677116751503,1.54354092157768,"alpha[246]"
-1.23258998618686,-12.9288037159138,11.3033919962773,1.55373096816131,"alpha[247]"
-1.77658059743737,-13.3704307881421,10.6235217837018,1.55669573432489,"alpha[248]"
-1.36612151127507,-12.9725648193228,11.0679238035374,1.552638156811,"alpha[249]"
0.627160139820454,-10.5589519811626,12.8840458076438,1.56967645943579,"alpha[250]"
-1.20164112967633,-12.7994859842717,11.342545955982,1.55816934483523,"alpha[251]"
-1.24063081292738,-12.9244304467429,11.2732639323593,1.54807311358046,"alpha[252]"
-1.25337803566472,-12.9411420732114,11.1118509459704,1.55285668652914,"alpha[253]"
-1.50053247647601,-13.1564046997408,10.9549594759914,1.56062127850073,"alpha[254]"
-1.13045117808166,-12.767694972283,11.2957774461879,1.54649354756825,"alpha[255]"
-1.24591819585687,-12.9289587979139,11.1867982522553,1.55237390229026,"alpha[256]"
-1.15950126535608,-12.8900152713782,11.2840172913952,1.55756982761073,"alpha[257]"
-1.24722667366253,-12.8109176476735,11.278794414788,1.54884431339162,"alpha[258]"
-2.34592173813595,-13.9058736934029,9.98552828780331,1.56784884412482,"alpha[259]"
-1.12029775190878,-12.8601050709545,11.440104631098,1.5397290307641,"alpha[260]"
-1.50871637519427,-13.0844161151936,10.9416514931905,1.55515113441104,"alpha[261]"
1.27042747352484,-10.0124053248988,13.5446637707416,1.56699481784909,"alpha[262]"
-1.13232174496977,-12.771165199923,11.3926890703625,1.55037712917545,"alpha[263]"
-1.23764752162823,-12.9227196920487,11.3676881223953,1.56202494694584,"alpha[264]"
-1.18634594899681,-12.828043204951,11.2552428855746,1.55229782143412,"alpha[265]"
-1.20639039920236,-12.9530567038784,11.2130452742997,1.55232048282003,"alpha[266]"
-1.26795388994926,-12.9674211380362,11.2406945961776,1.54851253702868,"alpha[267]"
-1.43569591933062,-13.1192350216754,10.9254510600911,1.55459703003152,"alpha[268]"
-1.11447772810454,-12.7313403751649,11.4264578599131,1.54426584518713,"alpha[269]"
-1.23580042964292,-12.8800500324982,11.2390397926945,1.55197249023078,"alpha[270]"
-1.14722504780433,-12.7877134182943,11.2730791564146,1.54869567265831,"alpha[271]"
-1.41638201776522,-13.0115895847679,11.0373782290212,1.55712648564964,"alpha[272]"
1.02852826253798,-10.5328251995988,13.6300234804366,1.53221193243804,"alpha[273]"
-1.1499630130606,-12.7846494610298,11.3234380970755,1.54302761267284,"alpha[274]"
-1.18565394490545,-12.8351858163647,11.3818174040804,1.54744423617417,"alpha[275]"
-1.13466416567582,-12.8308261071068,11.4391511044972,1.54755321768842,"alpha[276]"
-1.1576198347159,-12.7882081137305,11.2593373313324,1.53700483326908,"alpha[277]"
-1.92002036658779,-13.4234630707661,10.3857966080611,1.56386092758301,"alpha[278]"
-1.23463087737131,-12.9034039479858,11.2860708555065,1.55945672811163,"alpha[279]"
-1.30732152709641,-12.9959548267072,11.258549085512,1.55799943703418,"alpha[280]"
-1.32118929171757,-12.9501812406327,11.2253382631913,1.54514910631865,"alpha[281]"
-1.49461333730993,-13.0527742104031,10.9748290553638,1.55505968140919,"alpha[282]"
0.752532070131341,-10.5561139415636,13.0548448492884,1.5644929516937,"alpha[283]"
-1.25870523453588,-12.9673003939842,11.1938235070933,1.54781852781928,"alpha[284]"
-1.2256658154498,-12.8669842595123,11.247058831933,1.54387237184768,"alpha[285]"
-1.31408862373141,-13.0006651102002,11.2005861117996,1.55506855157122,"alpha[286]"
-1.18123210946089,-12.8908322718721,11.3549693075591,1.55189599411784,"alpha[287]"
0.337427029630791,-11.0162005997758,12.6009277417613,1.54718241109847,"alpha[288]"
-1.29417877120424,-12.990146771637,11.1650952570576,1.54235195124106,"alpha[289]"
-1.14066501400418,-12.7635712886105,11.462454394289,1.54797640411919,"alpha[290]"
-1.16042919965599,-12.8650502290792,11.421451709174,1.54727274817614,"alpha[291]"
-1.17660991667349,-12.8865562205737,11.2903784256749,1.5492811056976,"alpha[292]"
-1.27830079898327,-12.9580175172823,11.2087546908621,1.5513069681982,"alpha[293]"
-1.21305013955288,-12.9039006056266,11.2981592369105,1.54722172455921,"alpha[294]"
-1.27803409982653,-12.8082037567115,11.1037359058339,1.56132689391279,"alpha[295]"
-1.27491872126527,-12.9057089012457,11.1872618054424,1.55060988152403,"alpha[296]"
-1.23626604100567,-12.8551807471166,11.1993748097282,1.5404403367289,"alpha[297]"
0.800762080813684,-10.437530677662,13.1185824277465,1.56019893299746,"alpha[298]"
-1.30804764287028,-13.0363864175061,11.1415645201257,1.55257168312323,"alpha[299]"
-1.17193985415784,-12.8126372136286,11.2316557882449,1.54674410114897,"alpha[300]"
-1.25734087081603,-12.9091610473714,11.1853619039896,1.54984129769614,"alpha[301]"
-1.1954179901217,-12.8015722424268,11.2551127345789,1.54540791899176,"alpha[302]"
-1.21256490922553,-12.8183351454798,11.1759619497462,1.55016952274138,"alpha[303]"
-1.15320568481526,-12.8454786931989,11.378908376428,1.54620706688449,"alpha[304]"
-1.35314302234827,-12.9814168104054,11.0960888460504,1.55277194185912,"alpha[305]"
-1.19105644926718,-12.8367790494247,11.3684759574888,1.55373892735033,"alpha[306]"
-1.1735842201685,-12.7532523575299,11.3598839588336,1.54856142514216,"alpha[307]"
-1.19979809888942,-12.8454836271062,11.2570304602045,1.54800287497159,"alpha[308]"
-1.20902197187367,-12.8917626741754,11.250877874639,1.55222110922436,"alpha[309]"
-1.14893599935636,-12.8130351887355,11.3540495339602,1.54885042459081,"alpha[310]"
-1.38592504063692,-12.9619586196508,11.023494062996,1.56155813067265,"alpha[311]"
0.645734166814645,-10.7659242298878,13.0660325552365,1.54174134284089,"alpha[312]"
-1.23309617970984,-12.8482872072597,11.3486425721632,1.54607381445337,"alpha[313]"
-1.26174093972436,-12.9063302540037,11.2880725593488,1.54505822206638,"alpha[314]"
-1.13966877598,-12.7217959830859,11.4293329631499,1.55870146231541,"alpha[315]"
-1.12160876480715,-12.744058910221,11.3927444751733,1.54499907332079,"alpha[316]"
-1.14947312410301,-12.7869664782172,11.3369215572145,1.55019117007459,"alpha[317]"
0.0618928508931789,-11.3084269374607,12.2989424249068,1.55539228109807,"alpha[318]"
-1.16498079788375,-12.8099463832872,11.3655693799809,1.53822968028196,"alpha[319]"
-1.10604523718571,-12.6778609513607,11.4640489518798,1.53199809773992,"alpha[320]"
-1.10603011014345,-12.7863734593659,11.4135771491173,1.54791839970792,"alpha[321]"
-1.4625732348958,-12.9757148393646,11.0924763478206,1.56534920251072,"alpha[322]"
-1.18378736191739,-12.8233735560853,11.3147663869331,1.5477597381053,"alpha[323]"
-1.25972021053071,-12.8073672284643,11.3073311040884,1.5458047375464,"alpha[324]"
-1.22500818711084,-12.8614506992688,11.2504174691271,1.55469350743076,"alpha[325]"
-1.27378114376036,-12.9407366905703,11.1335737752014,1.54509203679667,"alpha[326]"
-1.22247376731183,-12.8688765629651,11.3425610173055,1.54900770475283,"alpha[327]"
-1.15003526381804,-12.8009503746867,11.3925858195531,1.54848240315479,"alpha[328]"
-1.07888633270606,-12.8310820456934,11.3684271902327,1.54400873693191,"alpha[329]"
-1.12326508776344,-12.724478085238,11.4618241011532,1.54589952245036,"alpha[330]"
-1.66653995457767,-13.1910927904439,10.7064286052383,1.55759577273803,"alpha[331]"
-1.22115788956603,-12.8920399670155,11.271363011569,1.54524842742426,"alpha[332]"
-1.26545231843345,-12.8935640523785,11.17356587983,1.562160068344,"alpha[333]"
-1.37078703933266,-12.9507662075614,11.075173868499,1.5552281216097,"alpha[334]"
-1.11644207937889,-12.7867626107775,11.4618547691255,1.54224222390297,"alpha[335]"
-1.30911123065316,-12.9182073120348,11.2793633360736,1.55612129883777,"alpha[336]"
-1.3059352969302,-12.9339882650672,11.2161564210107,1.5551220228213,"alpha[337]"
-1.11929839174456,-12.7731843701266,11.4567159130161,1.54344524578116,"alpha[338]"
-1.13514132851022,-12.77786377595,11.3762890169002,1.54667278447952,"alpha[339]"
0.737723561918619,0.195105966918978,1.30054248279564,0.999940656424187,"beta1"
-0.0107466058530792,-0.540722173222705,0.5508824918523,1.00025610851387,"beta2"
0.10116224372431,-0.653315451577682,0.856014399757431,1.00014909072882,"beta3"
0.482982805906286,0.0884936268777666,0.866865912492851,0.999976906821542,"beta4"
-1.51470302023775,-3.05805319802898,-0.0617260367900602,0.999917415161099,"beta5"
-0.852550204370724,-2.55665108030423,0.871417751795077,1.00004201654135,"beta6"
-0.497590880549329,-0.983342606676287,-0.0368512442360688,1.00026661513571,"beta7"
-0.129432592358703,-0.779575944025258,0.530534866259,1.00087116854084,"beta8"
-4.27208659078892,-16.403385273771,6.86594702819989,1.57737104838025,"mu"
